median_diameter	D9_diameter	median_tortuosity	short_tortuosity	D9_tortuosity	D95_tortuosity	tau1	tau2	tau3	tau4	tau5	tau6	tau7
5.7497354929522	10.811015970133	1.018619519886	1.0140863173315	1.0665578899676	1.0993209646856	0.018619519885958	2.1122043363071	0.073918736522327	0.020950184814513	0.00074227578561375	0.021702899525207	0.00076647792816952
