median_diameter	D9_diameter	median_tortuosity	short_tortuosity	D9_tortuosity	D95_tortuosity	tau1	tau2	tau3	tau4	tau5	tau6	tau7
6.807533596513	9.8425943701532	1.0129033607344	1.0094637773059	1.0298215263799	1.0514835739198	0.012903360734377	1.2986482479284	0.043273363415094	0.018093312206126	0.00057162627544281	0.018323286359074	0.00057631401249735
