median_diameter	D9_diameter	median_tortuosity	short_tortuosity	D9_tortuosity	D95_tortuosity	tau1	tau2	tau3	tau4	tau5	tau6	tau7
6.919578080488	13.208226017727	1.0189983659807	1.0155416495849	1.0993209646856	1.1627263899725	0.018998365980682	1.5836064021669	0.070251644350537	0.023463984146473	0.00085744603293549	0.024017528961251	0.00087618730833801
