median_diameter	D9_diameter	median_tortuosity	short_tortuosity	D9_tortuosity	D95_tortuosity	tau1	tau2	tau3	tau4	tau5	tau6	tau7
7.1461990997823	12.243982750646	1.0151063688202	1.0130799258024	1.0440211821264	1.0621002620625	0.015106368820203	1.557695086856	0.062041543540278	0.021359120544611	0.00072465722230581	0.021765839267211	0.00073079797422311
