median_diameter	D9_diameter	median_tortuosity	short_tortuosity	D9_tortuosity	D95_tortuosity	tau1	tau2	tau3	tau4	tau5	tau6	tau7
6.3156579919661	10.865223119649	1.0193117260554	1.0173793935808	1.1099982210177	1.1611570392206	0.019311726055443	1.6132590044003	0.062635618358521	0.021867676250349	0.00080170042413762	0.022543114030092	0.00086151170875593
