median_diameter	D9_diameter	median_tortuosity	short_tortuosity	D9_tortuosity	D95_tortuosity	tau1	tau2	tau3	tau4	tau5	tau6	tau7
6.1812519463535	9.6157416415731	1.0118012558556	1.0043395766818	1.0538390290388	1.0748313809675	0.011801255855587	1.2805750549874	0.037276258303711	0.014810901779509	0.00038434616325383	0.015302696850071	0.00038651384007986
