median_diameter	D9_diameter	median_tortuosity	short_tortuosity	D9_tortuosity	D95_tortuosity	tau1	tau2	tau3	tau4	tau5	tau6	tau7
5.8907088648773	10.648648634033	1.0283227278879	1.0303049406062	1.1008823482588	1.1546962611999	0.028322727887877	2.2033901336069	0.077233708083394	0.022815673782702	0.00088348445363927	0.024208249612306	0.00090844818125472
