median_diameter	D9_diameter	median_tortuosity	short_tortuosity	D9_tortuosity	D95_tortuosity	tau1	tau2	tau3	tau4	tau5	tau6	tau7
5.8197227661553	10.957323213927	1.0220003463249	1.016293203387	1.1109615585341	1.2662562633156	0.022000346324856	1.5920748192409	0.060510526234703	0.022819465534522	0.00089110484197233	0.023611923742518	0.00091925230641362
