median_diameter	D9_diameter	median_tortuosity	short_tortuosity	D9_tortuosity	D95_tortuosity	tau1	tau2	tau3	tau4	tau5	tau6	tau7
5.5022918645059	10.450520516175	1.0219076652357	1.0160090521106	1.103341769421	1.1727622120236	0.021907665235674	1.924961649388	0.069310361147654	0.021086078543949	0.00076264289787666	0.021589571765754	0.00077844852988944
