length__TOT	max_diameter	min_diameter	median_diameter	median_tortuosity	std_tortuosity
17631.9901311	33.828973357111	1.690470306596	6.315698846786	1.0193117260554	0.069106077154038
