length__TOT	max_diameter	min_diameter	median_diameter	median_tortuosity	std_tortuosity
11291.514140655	41.519411424225	1.6984505506363	8.3440989837626	1.0212418447293	0.14148178834206
