length__TOT	max_diameter	min_diameter	median_diameter	median_tortuosity	std_tortuosity
16687.809704134	36.441354156641	1.9139302431852	6.9197939834937	1.0189983659807	0.11557454039349
