length__TOT	max_diameter	min_diameter	median_diameter	median_tortuosity	std_tortuosity
16532.970544196	35.524082178879	2.7176602019935	7.3112517817415	1.0186201098665	0.055445555402312
