length__TOT	max_diameter	min_diameter	median_diameter	median_tortuosity	std_tortuosity
14949.092470878	29.512404022554	1.6011873096523	7.2341907493602	1.029924098212	0.084486228041057
