length__TOT	max_diameter	min_diameter	median_diameter	median_tortuosity	std_tortuosity
18159.42558627	27.626672007822	2.1000943444409	6.9376932108669	1.0202248495689	0.065289238813484
