length__TOT	max_diameter	min_diameter	median_diameter	median_tortuosity	std_tortuosity
18574.234072693	26.029136446263	1.7976434277388	5.8197426986616	1.0220003463249	0.13289882859558
