length__TOT	max_diameter	min_diameter	median_diameter	median_tortuosity	std_tortuosity
16619.073884151	33.218376693395	0.20843840969179	6.4643950882893	1.0223691983006	0.056117197066215
