length__TOT	max_diameter	min_diameter	median_diameter	median_tortuosity	std_tortuosity
16615.274386702	18.302205776356	1.6957114536913	7.1909511098059	1.0190644345866	0.064672662074125
