length__TOT	max_diameter	min_diameter	median_diameter	median_tortuosity	std_tortuosity
15589.746188307	32.250375662381	1.8756449623279	5.8265405051394	1.0359150367561	0.47882669322534
